{
    "emitterDataList": [
        {
            "acceleration": [
                [
                    0.0,
                    0.4000000059604645,
                    0.0
                ],
                [
                    0.0,
                    0.20000000298023224,
                    0.0
                ]
            ],
            "blendState": 2,
            "directionAxis": [
                0.0,
                1.0,
                0.0
            ],
            "directionMode": 1,
            "emitCount": [
                1,
                1
            ],
            "emitInterval": [
                0.0,
                0.0
            ],
            "endColor": [
                [
                    1.0,
                    1.0,
                    1.0,
                    1.0
                ],
                [
                    1.0,
                    1.0,
                    1.0,
                    1.0
                ]
            ],
            "endSize": [
                [
                    2.0,
                    2.0
                ],
                [
                    2.0,
                    2.0
                ]
            ],
            "height": 1.0,
            "initialDelay": [
                0.0,
                0.0
            ],
            "lifeTime": [
                0.6000000238418579,
                0.6000000238418579
            ],
            "maxParticles": 1000,
            "name": "Emitter0",
            "positionOffset": [
                0.0,
                0.30000001192092896,
                0.0
            ],
            "radius": 0.10000000149011612,
            "renderingMode": 0,
            "rotationEuler": [
                [
                    0.0,
                    0.0,
                    0.0
                ],
                [
                    0.0,
                    0.0,
                    0.0
                ]
            ],
            "shapeType": 0,
            "speed": [
                0.5,
                0.5
            ],
            "startColor": [
                [
                    1.0,
                    1.0,
                    1.0,
                    1.0
                ],
                [
                    1.0,
                    1.0,
                    1.0,
                    1.0
                ]
            ],
            "startSize": [
                [
                    5.0,
                    5.0
                ],
                [
                    5.0,
                    5.0
                ]
            ],
            "texturePath": ".\\Data\\Effect\\Textures\\explosion.png",
            "textureSplitCount": [
                5,
                4
            ],
            "useGravity": false,
            "velocity": [
                [
                    0.0,
                    0.800000011920929,
                    0.0
                ],
                [
                    0.0,
                    0.5,
                    0.0
                ]
            ]
        }
    ],
    "name": "appear"
}