{
    "emitterDataList": [
        {
            "acceleration": [
                [
                    0.0,
                    0.0,
                    0.0
                ],
                [
                    0.0,
                    0.0,
                    0.0
                ]
            ],
            "blendState": 2,
            "directionAxis": [
                0.0,
                1.0,
                0.0
            ],
            "directionMode": 3,
            "emitCount": [
                22,
                22
            ],
            "emitInterval": [
                0.10000000149011612,
                0.30000001192092896
            ],
            "endColor": [
                [
                    1.0,
                    1.0,
                    1.0,
                    0.0
                ],
                [
                    1.0,
                    1.0,
                    1.0,
                    0.0
                ]
            ],
            "endSize": [
                [
                    1.0,
                    1.0
                ],
                [
                    1.0,
                    1.0
                ]
            ],
            "height": 1.0,
            "initialDelay": [
                0.0,
                0.0
            ],
            "lifeTime": [
                1.0,
                1.7999999523162842
            ],
            "maxParticles": 1000,
            "name": "Emitter0",
            "positionOffset": [
                0.0,
                1.2999999523162842,
                0.0
            ],
            "radius": 2.5999999046325684,
            "renderingMode": 0,
            "rotationEuler": [
                [
                    0.0,
                    0.0,
                    0.0
                ],
                [
                    0.0,
                    0.0,
                    0.0
                ]
            ],
            "shapeType": 2,
            "speed": [
                1.0,
                1.0
            ],
            "startColor": [
                [
                    1.0,
                    1.0,
                    1.0,
                    1.0
                ],
                [
                    1.0,
                    1.0,
                    1.0,
                    1.0
                ]
            ],
            "startSize": [
                [
                    1.0,
                    1.0
                ],
                [
                    1.0,
                    1.0
                ]
            ],
            "texturePath": ".\\Data\\Effect\\DarkStageParticleTex\\T_Dust_Particle_D.PNG",
            "textureSplitCount": [
                2,
                2
            ],
            "useGravity": false,
            "velocity": [
                [
                    0.0,
                    0.0,
                    0.0
                ],
                [
                    0.0,
                    0.0,
                    0.0
                ]
            ]
        }
    ],
    "name": "DustEffect2"
}