{
    "emitterDataList": [
        {
            "acceleration": [
                [
                    0.0,
                    0.0,
                    0.0
                ],
                [
                    0.0,
                    0.0,
                    0.0
                ]
            ],
            "blendState": 2,
            "directionAxis": [
                0.0,
                0.0,
                -1.0
            ],
            "directionMode": 1,
            "emitCount": [
                15,
                20
            ],
            "emitInterval": [
                0.0,
                0.0
            ],
            "endColor": [
                [
                    0.14509804546833038,
                    0.0313725508749485,
                    0.24705882370471954,
                    0.9607843160629272
                ],
                [
                    0.07441860437393188,
                    0.07441860437393188,
                    0.07441860437393188,
                    0.9450980424880981
                ]
            ],
            "endSize": [
                [
                    0.30000001192092896,
                    0.8999999761581421
                ],
                [
                    0.30000001192092896,
                    0.8999999761581421
                ]
            ],
            "height": 1.0,
            "initialDelay": [
                0.0,
                0.0
            ],
            "lifeTime": [
                0.699999988079071,
                1.0
            ],
            "maxParticles": 1000,
            "name": "Emitter0",
            "positionOffset": [
                0.5,
                1.0,
                0.0
            ],
            "radius": 1.0,
            "renderingMode": 0,
            "rotationEuler": [
                [
                    0.0,
                    0.0,
                    0.0
                ],
                [
                    0.0,
                    0.0,
                    0.0
                ]
            ],
            "shapeType": 2,
            "speed": [
                1.5,
                2.200000047683716
            ],
            "startColor": [
                [
                    0.0,
                    0.0,
                    0.0,
                    1.0
                ],
                [
                    0.16409100592136383,
                    0.015575995668768883,
                    0.33488374948501587,
                    1.0
                ]
            ],
            "startSize": [
                [
                    0.4000000059604645,
                    1.2000000476837158
                ],
                [
                    0.4000000059604645,
                    1.2000000476837158
                ]
            ],
            "texturePath": ".\\Data\\Effect\\Particles\\Line01.png",
            "textureSplitCount": [
                1,
                1
            ],
            "useGravity": false,
            "velocity": [
                [
                    0.0,
                    0.0,
                    0.0
                ],
                [
                    0.0,
                    0.0,
                    0.0
                ]
            ]
        }
    ],
    "name": "fail_down"
}