{
    "emitterDataList": [
        {
            "acceleration": [
                [
                    0.0,
                    0.0,
                    0.0
                ],
                [
                    0.0,
                    0.0,
                    0.0
                ]
            ],
            "blendState": 2,
            "directionAxis": [
                0.0,
                1.0,
                0.0
            ],
            "directionMode": 0,
            "emitCount": [
                1,
                1
            ],
            "emitInterval": [
                0.10000000149011612,
                0.10000000149011612
            ],
            "endColor": [
                [
                    1.0,
                    0.8901960849761963,
                    0.5176470875740051,
                    0.0117647061124444
                ],
                [
                    1.0,
                    0.8941176533699036,
                    0.545098066329956,
                    0.007843137718737125
                ]
            ],
            "endSize": [
                [
                    3.0,
                    3.0
                ],
                [
                    3.0,
                    3.0
                ]
            ],
            "height": 1.0,
            "initialDelay": [
                0.0,
                0.0
            ],
            "lifeTime": [
                1.0,
                1.0
            ],
            "maxParticles": 1000,
            "name": "Emitter0",
            "positionOffset": [
                0.0,
                0.0,
                0.0
            ],
            "radius": 0.44999998807907104,
            "renderingMode": 0,
            "rotationEuler": [
                [
                    0.0,
                    0.0,
                    0.0
                ],
                [
                    0.0,
                    0.0,
                    0.0
                ]
            ],
            "shapeType": 0,
            "speed": [
                1.0,
                1.0
            ],
            "startColor": [
                [
                    1.0,
                    0.8941176533699036,
                    0.4901960790157318,
                    1.0
                ],
                [
                    1.0,
                    0.8745098114013672,
                    0.5098039507865906,
                    1.0
                ]
            ],
            "startSize": [
                [
                    3.0,
                    3.0
                ],
                [
                    3.0,
                    3.0
                ]
            ],
            "texturePath": ".\\Data\\Effect\\Particles\\Particle02.png",
            "textureSplitCount": [
                1,
                1
            ],
            "useGravity": false,
            "velocity": [
                [
                    0.0,
                    0.0,
                    0.0
                ],
                [
                    0.0,
                    0.0,
                    0.0
                ]
            ]
        }
    ],
    "name": "GoldEffect"
}