{
    "emitterDataList": [
        {
            "acceleration": [
                [
                    0.0,
                    0.0,
                    0.0
                ],
                [
                    0.0,
                    0.0,
                    0.0
                ]
            ],
            "blendState": 2,
            "directionAxis": [
                -1.100000023841858,
                0.0,
                0.0
            ],
            "directionMode": 3,
            "emitCount": [
                10,
                10
            ],
            "emitInterval": [
                0.0,
                0.0
            ],
            "endColor": [
                [
                    1.0,
                    1.0,
                    1.0,
                    0.0
                ],
                [
                    1.0,
                    1.0,
                    1.0,
                    0.0
                ]
            ],
            "endSize": [
                [
                    0.20000000298023224,
                    0.20000000298023224
                ],
                [
                    0.20000000298023224,
                    0.20000000298023224
                ]
            ],
            "height": 1.0,
            "initialDelay": [
                0.0,
                0.0
            ],
            "lifeTime": [
                1.0,
                1.0
            ],
            "maxParticles": 1000,
            "name": "Emitter0",
            "positionOffset": [
                0.0,
                0.0,
                0.0
            ],
            "radius": 0.10000000149011612,
            "renderingMode": 0,
            "rotationEuler": [
                [
                    0.0,
                    0.0,
                    0.0
                ],
                [
                    0.0,
                    0.0,
                    0.0
                ]
            ],
            "shapeType": 1,
            "speed": [
                1.2000000476837158,
                1.2000000476837158
            ],
            "startColor": [
                [
                    1.0,
                    1.0,
                    1.0,
                    1.0
                ],
                [
                    1.0,
                    1.0,
                    1.0,
                    1.0
                ]
            ],
            "startSize": [
                [
                    0.6000000238418579,
                    0.6000000238418579
                ],
                [
                    0.6000000238418579,
                    0.6000000238418579
                ]
            ],
            "texturePath": ".\\Data\\Effect\\Textures\\explosion.png",
            "textureSplitCount": [
                5,
                4
            ],
            "useGravity": false,
            "velocity": [
                [
                    0.0,
                    0.0,
                    0.0
                ],
                [
                    0.0,
                    0.0,
                    0.0
                ]
            ]
        }
    ],
    "name": "Effect 1"
}