{
    "emitterDataList": [
        {
            "acceleration": [
                [
                    0.0,
                    0.0,
                    0.0
                ],
                [
                    0.0,
                    0.0,
                    0.0
                ]
            ],
            "blendState": 2,
            "burstCount": 0,
            "directionAxis": [
                0.0,
                1.0,
                0.0
            ],
            "directionMode": 1,
            "emitCount": [
                2,
                4
            ],
            "emitInterval": [
                0.10000000149011612,
                0.20000000298023224
            ],
            "emitRate": 0.6000000238418579,
            "emitterLifeTime": 0.0,
            "endColor": [
                [
                    1.0,
                    1.0,
                    1.0,
                    0.0
                ],
                [
                    1.0,
                    1.0,
                    1.0,
                    0.0
                ]
            ],
            "endSize": [
                [
                    1.0,
                    1.0
                ],
                [
                    1.0,
                    1.0
                ]
            ],
            "height": 1.0,
            "initialDelay": [
                0.10000000149011612,
                0.10000000149011612
            ],
            "isBurst": false,
            "lifeTime": [
                5.099999904632568,
                5.099999904632568
            ],
            "loop": true,
            "maxParticles": 1000,
            "name": "Emitter0",
            "positionOffset": [
                0.0,
                0.10000000149011612,
                0.0
            ],
            "radius": 0.10000000149011612,
            "renderingMode": 0,
            "rotationEuler": [
                [
                    0.0,
                    0.0,
                    0.0
                ],
                [
                    0.0,
                    0.0,
                    0.0
                ]
            ],
            "shapeType": 0,
            "speed": [
                0.20000000298023224,
                0.30000001192092896
            ],
            "startColor": [
                [
                    1.0,
                    1.0,
                    1.0,
                    1.0
                ],
                [
                    1.0,
                    1.0,
                    1.0,
                    1.0
                ]
            ],
            "startSize": [
                [
                    1.0,
                    1.0
                ],
                [
                    1.0,
                    1.0
                ]
            ],
            "texturePath": ".\\Data\\Effect\\DarkStageParticleTex\\T_Smoke_SubUV.PNG",
            "textureSplitCount": [
                8,
                8
            ],
            "useGravity": false,
            "velocity": [
                [
                    0.0,
                    0.0,
                    0.0
                ],
                [
                    0.0,
                    0.0,
                    0.0
                ]
            ]
        }
    ],
    "name": "PotSteamEffect"
}