{
    "emitterDataList": [
        {
            "acceleration": [
                [
                    0.0,
                    0.0,
                    0.0
                ],
                [
                    0.0,
                    0.0,
                    0.0
                ]
            ],
            "blendState": 1,
            "burstCount": 0,
            "directionAxis": [
                0.0,
                1.0,
                0.0
            ],
            "directionMode": 0,
            "emissivePower": 1.0,
            "emitCount": [
                1,
                1
            ],
            "emitInterval": [
                0.0,
                0.0
            ],
            "emitRate": 3.0,
            "emitterLifeTime": 0.5,
            "endColor": [
                [
                    0.8039215803146362,
                    0.01568627543747425,
                    1.0,
                    1.0
                ],
                [
                    0.018604636192321777,
                    1.0,
                    0.9863058924674988,
                    1.0
                ]
            ],
            "endSize": [
                [
                    3.0,
                    3.0
                ],
                [
                    3.0,
                    3.0
                ]
            ],
            "height": 1.0,
            "initialDelay": [
                0.0,
                0.0
            ],
            "isBurst": true,
            "lifeTime": [
                0.6000000238418579,
                0.6000000238418579
            ],
            "loop": false,
            "maxParticles": 1000,
            "name": "Emitter0",
            "positionOffset": [
                0.0,
                0.0,
                -0.5
            ],
            "radius": 1.0,
            "renderingMode": 0,
            "rotationEuler": [
                [
                    0.0,
                    0.0,
                    0.0
                ],
                [
                    0.0,
                    0.0,
                    0.0
                ]
            ],
            "shapeType": 0,
            "speed": [
                1.0,
                1.0
            ],
            "startColor": [
                [
                    1.0,
                    0.004651188850402832,
                    0.9490752220153809,
                    1.0
                ],
                [
                    0.01395350694656372,
                    1.0,
                    0.9587235450744629,
                    1.0
                ]
            ],
            "startSize": [
                [
                    3.0,
                    3.0
                ],
                [
                    3.0,
                    3.0
                ]
            ],
            "texturePath": ".\\Data\\Effect\\Textures\\boom.png",
            "textureSplitCount": [
                10,
                1
            ],
            "useGravity": false,
            "velocity": [
                [
                    0.0,
                    0.0,
                    0.0
                ],
                [
                    0.0,
                    0.0,
                    0.0
                ]
            ]
        }
    ],
    "name": "BombEffect"
}