{
    "emitterDataList": [
        {
            "acceleration": [
                [
                    0.0,
                    0.0,
                    0.0
                ],
                [
                    0.0,
                    0.0,
                    0.0
                ]
            ],
            "blendState": 2,
            "burstCount": 0,
            "directionAxis": [
                0.0,
                1.0,
                0.0
            ],
            "directionMode": 3,
            "emissivePower": 1.0,
            "emitCount": [
                3,
                8
            ],
            "emitInterval": [
                0.0,
                0.0
            ],
            "emitRate": 10.0,
            "emitterLifeTime": 0.5,
            "endColor": [
                [
                    0.0313725508749485,
                    0.003921568859368563,
                    1.0,
                    0.0
                ],
                [
                    1.0,
                    1.0,
                    0.0,
                    0.03529411926865578
                ]
            ],
            "endSize": [
                [
                    1.0,
                    1.0
                ],
                [
                    1.0,
                    1.0
                ]
            ],
            "height": 1.0,
            "initialDelay": [
                0.0,
                0.0
            ],
            "isBurst": false,
            "lifeTime": [
                1.0,
                1.0
            ],
            "loop": false,
            "maxParticles": 1000,
            "name": "Emitter0",
            "positionOffset": [
                0.0,
                0.0,
                0.0
            ],
            "radius": 1.0,
            "renderingMode": 0,
            "rotationEuler": [
                [
                    0.0,
                    0.0,
                    0.0
                ],
                [
                    0.0,
                    0.0,
                    0.0
                ]
            ],
            "shapeType": 0,
            "speed": [
                3.4000000953674316,
                5.400000095367432
            ],
            "startColor": [
                [
                    0.0,
                    1.0,
                    1.0,
                    1.0
                ],
                [
                    1.0,
                    0.003921568859368563,
                    1.0,
                    1.0
                ]
            ],
            "startSize": [
                [
                    1.0,
                    1.0
                ],
                [
                    1.0,
                    1.0
                ]
            ],
            "texturePath": ".\\Data\\Effect\\Textures\\Star-1.png",
            "textureSplitCount": [
                1,
                1
            ],
            "useGravity": false,
            "velocity": [
                [
                    0.0,
                    0.0,
                    0.0
                ],
                [
                    0.0,
                    0.0,
                    0.0
                ]
            ]
        }
    ],
    "name": "ScissorsGameSparkEffect"
}