{
    "emitterDataList": [
        {
            "acceleration": [
                [
                    0.0,
                    2.299999952316284,
                    0.0
                ],
                [
                    0.0,
                    0.0,
                    0.0
                ]
            ],
            "blendState": 2,
            "directionAxis": [
                0.0,
                1.0,
                0.0
            ],
            "directionMode": 0,
            "emitCount": [
                21,
                24
            ],
            "emitInterval": [
                0.0,
                0.0
            ],
            "endColor": [
                [
                    0.8980392217636108,
                    0.7568627595901489,
                    1.0,
                    0.0784313753247261
                ],
                [
                    0.9906976819038391,
                    0.7603029012680054,
                    0.7603029012680054,
                    0.04313725605607033
                ]
            ],
            "endSize": [
                [
                    0.10000000149011612,
                    0.10000000149011612
                ],
                [
                    0.10000000149011612,
                    0.20000000298023224
                ]
            ],
            "height": 1.0,
            "initialDelay": [
                0.0,
                0.0
            ],
            "lifeTime": [
                1.0,
                1.0
            ],
            "maxParticles": 1000,
            "name": "Emitter0",
            "positionOffset": [
                3.200000047683716,
                7.5,
                0.0
            ],
            "radius": 0.30000001192092896,
            "renderingMode": 0,
            "rotationEuler": [
                [
                    0.0,
                    0.0,
                    0.0
                ],
                [
                    0.0,
                    0.0,
                    0.0
                ]
            ],
            "shapeType": 2,
            "speed": [
                1.0,
                1.0
            ],
            "startColor": [
                [
                    0.45116281509399414,
                    0.4347657859325409,
                    0.35043808817863464,
                    1.0
                ],
                [
                    0.4465116262435913,
                    0.3904380798339844,
                    0.3904380798339844,
                    1.0
                ]
            ],
            "startSize": [
                [
                    0.20000000298023224,
                    0.20000000298023224
                ],
                [
                    0.30000001192092896,
                    0.30000001192092896
                ]
            ],
            "texturePath": ".\\Data\\Effect\\Particles\\Foam001.png",
            "textureSplitCount": [
                1,
                1
            ],
            "useGravity": false,
            "velocity": [
                [
                    0.0,
                    1.7000000476837158,
                    0.0
                ],
                [
                    0.0,
                    0.0,
                    0.0
                ]
            ]
        }
    ],
    "name": "Bubble"
}