{
    "emitterDataList": [
        {
            "acceleration": [
                [
                    -0.05000000074505806,
                    0.20000000298023224,
                    -0.05000000074505806
                ],
                [
                    0.05000000074505806,
                    0.10000000149011612,
                    0.05000000074505806
                ]
            ],
            "blendState": 2,
            "directionAxis": [
                0.0,
                1.0,
                0.0
            ],
            "directionMode": 1,
            "emitCount": [
                16,
                26
            ],
            "emitInterval": [
                0.0,
                0.05000000074505806
            ],
            "endColor": [
                [
                    1.0,
                    1.0,
                    0.686274528503418,
                    0.8666666746139526
                ],
                [
                    1.0,
                    1.0,
                    0.6745098233222961,
                    0.8117647171020508
                ]
            ],
            "endSize": [
                [
                    0.20000000298023224,
                    0.20000000298023224
                ],
                [
                    0.20000000298023224,
                    0.20000000298023224
                ]
            ],
            "height": 1.0,
            "initialDelay": [
                0.0,
                0.0
            ],
            "lifeTime": [
                0.800000011920929,
                1.100000023841858
            ],
            "maxParticles": 1000,
            "name": "Emitter0",
            "positionOffset": [
                0.5,
                1.0,
                0.0
            ],
            "radius": 1.399999976158142,
            "renderingMode": 0,
            "rotationEuler": [
                [
                    0.0,
                    0.0,
                    0.0
                ],
                [
                    0.0,
                    0.0,
                    0.0
                ]
            ],
            "shapeType": 2,
            "speed": [
                0.550000011920929,
                0.8999999761581421
            ],
            "startColor": [
                [
                    0.9882352948188782,
                    0.9058823585510254,
                    0.4745098054409027,
                    1.0
                ],
                [
                    1.0,
                    0.8470588326454163,
                    0.4941176474094391,
                    1.0
                ]
            ],
            "startSize": [
                [
                    0.4000000059604645,
                    0.4000000059604645
                ],
                [
                    0.6000000238418579,
                    0.6000000238418579
                ]
            ],
            "texturePath": ".\\Data\\Effect\\Particles\\Spark001.png",
            "textureSplitCount": [
                1,
                1
            ],
            "useGravity": false,
            "velocity": [
                [
                    0.0,
                    0.5,
                    0.0
                ],
                [
                    0.0,
                    0.699999988079071,
                    0.0
                ]
            ]
        }
    ],
    "name": "sparlkling"
}