{
    "emitterDataList": [
        {
            "acceleration": [
                [
                    0.0,
                    0.0,
                    0.0
                ],
                [
                    0.0,
                    0.0,
                    0.0
                ]
            ],
            "blendState": 2,
            "directionAxis": [
                0.0,
                1.0,
                0.0
            ],
            "directionMode": 3,
            "emitCount": [
                28,
                35
            ],
            "emitInterval": [
                0.0,
                0.0
            ],
            "endColor": [
                [
                    0.8470588326454163,
                    0.7647058963775635,
                    0.07058823853731155,
                    0.0
                ],
                [
                    1.0,
                    0.0,
                    0.8352941274642944,
                    0.0
                ]
            ],
            "endSize": [
                [
                    0.800000011920929,
                    0.800000011920929
                ],
                [
                    0.800000011920929,
                    0.800000011920929
                ]
            ],
            "height": 1.0,
            "initialDelay": [
                0.0,
                0.0
            ],
            "lifeTime": [
                0.30000001192092896,
                0.5
            ],
            "maxParticles": 1000,
            "name": "Star",
            "positionOffset": [
                0.0,
                0.0,
                0.0
            ],
            "radius": 0.20000000298023224,
            "renderingMode": 0,
            "rotationEuler": [
                [
                    0.0,
                    0.0,
                    0.0
                ],
                [
                    0.0,
                    0.0,
                    0.0
                ]
            ],
            "shapeType": 2,
            "speed": [
                5.0,
                9.600000381469727
            ],
            "startColor": [
                [
                    0.9441860318183899,
                    0.06587342172861099,
                    0.06587342172861099,
                    1.0
                ],
                [
                    0.08471604436635971,
                    0.5271738767623901,
                    0.8279069662094116,
                    1.0
                ]
            ],
            "startSize": [
                [
                    0.30000001192092896,
                    0.30000001192092896
                ],
                [
                    0.5,
                    0.5
                ]
            ],
            "texturePath": ".\\Data\\Effect\\Particles\\t0005.png",
            "textureSplitCount": [
                1,
                1
            ],
            "useGravity": true,
            "velocity": [
                [
                    0.0,
                    0.0,
                    0.0
                ],
                [
                    0.0,
                    0.0,
                    0.0
                ]
            ]
        }
    ],
    "name": "Star"
}