{
    "emitterDataList": [
        {
            "acceleration": [
                [
                    0.0,
                    0.0,
                    0.0
                ],
                [
                    0.0,
                    0.0,
                    0.0
                ]
            ],
            "blendState": 2,
            "directionAxis": [
                0.0,
                1.0,
                0.0
            ],
            "directionMode": 1,
            "emitCount": [
                6,
                13
            ],
            "emitInterval": [
                0.0,
                0.0
            ],
            "endColor": [
                [
                    0.07450980693101883,
                    1.0,
                    0.0,
                    0.12156862765550613
                ],
                [
                    0.0,
                    0.3450980484485626,
                    1.0,
                    0.003921568859368563
                ]
            ],
            "endSize": [
                [
                    0.0,
                    0.0
                ],
                [
                    0.0,
                    0.0
                ]
            ],
            "height": 1.0,
            "initialDelay": [
                0.0,
                0.15000000596046448
            ],
            "lifeTime": [
                0.6000000238418579,
                1.0
            ],
            "maxParticles": 1000,
            "name": "Emitter0",
            "positionOffset": [
                0.0,
                0.0,
                0.0
            ],
            "radius": 1.0,
            "renderingMode": 0,
            "rotationEuler": [
                [
                    0.0,
                    0.0,
                    0.0
                ],
                [
                    0.0,
                    0.0,
                    0.0
                ]
            ],
            "shapeType": 0,
            "speed": [
                0.0,
                0.0
            ],
            "startColor": [
                [
                    1.0,
                    0.0,
                    0.0,
                    1.0
                ],
                [
                    0.8837203979492188,
                    0.0,
                    1.0,
                    1.0
                ]
            ],
            "startSize": [
                [
                    1.0,
                    1.0
                ],
                [
                    1.0,
                    1.0
                ]
            ],
            "texturePath": ".\\Data\\Effect\\Particles\\t0005.png",
            "textureSplitCount": [
                1,
                1
            ],
            "useGravity": false,
            "velocity": [
                [
                    0.0,
                    0.0,
                    0.0
                ],
                [
                    0.0,
                    0.0,
                    0.0
                ]
            ]
        }
    ],
    "name": "StarAttract"
}