{
    "emitterDataList": [
        {
            "acceleration": [
                [
                    -0.05000000074505806,
                    0.10000000149011612,
                    -0.05000000074505806
                ],
                [
                    0.05000000074505806,
                    0.10000000149011612,
                    0.05000000074505806
                ]
            ],
            "blendState": 2,
            "directionAxis": [
                0.0,
                1.0,
                0.0
            ],
            "directionMode": 1,
            "emitCount": [
                6,
                10
            ],
            "emitInterval": [
                0.004999999888241291,
                0.10000000149011612
            ],
            "endColor": [
                [
                    1.0,
                    1.0,
                    1.0,
                    0.003921568859368563
                ],
                [
                    1.0,
                    1.0,
                    1.0,
                    0.0
                ]
            ],
            "endSize": [
                [
                    1.100000023841858,
                    1.2999999523162842
                ],
                [
                    1.7000000476837158,
                    1.899999976158142
                ]
            ],
            "height": 1.0,
            "initialDelay": [
                0.0,
                0.0
            ],
            "lifeTime": [
                3.0,
                6.599999904632568
            ],
            "maxParticles": 1000,
            "name": "Emitter0",
            "positionOffset": [
                0.0,
                -1.0,
                0.0
            ],
            "radius": 1.399999976158142,
            "renderingMode": 0,
            "rotationEuler": [
                [
                    0.0,
                    0.0,
                    0.0
                ],
                [
                    0.0,
                    0.0,
                    0.0
                ]
            ],
            "shapeType": 2,
            "speed": [
                0.30000001192092896,
                0.8999999761581421
            ],
            "startColor": [
                [
                    1.0,
                    1.0,
                    1.0,
                    0.5607843399047852
                ],
                [
                    1.0,
                    1.0,
                    1.0,
                    0.5372549295425415
                ]
            ],
            "startSize": [
                [
                    0.3499999940395355,
                    0.44999998807907104
                ],
                [
                    0.550000011920929,
                    0.44999998807907104
                ]
            ],
            "texturePath": ".\\Data\\Effect\\Particles\\Fog2001.png",
            "textureSplitCount": [
                1,
                1
            ],
            "useGravity": false,
            "velocity": [
                [
                    0.0,
                    0.009999999776482582,
                    0.0
                ],
                [
                    0.0,
                    0.029999999329447746,
                    0.0
                ]
            ]
        }
    ],
    "name": "Steam_2"
}