{
    "emitterDataList": [
        {
            "acceleration": [
                [
                    0.0,
                    0.0,
                    0.0
                ],
                [
                    0.0,
                    0.0,
                    0.0
                ]
            ],
            "blendState": 2,
            "directionAxis": [
                0.0,
                1.0,
                0.0
            ],
            "directionMode": 1,
            "emitCount": [
                10,
                10
            ],
            "emitInterval": [
                0.0,
                0.0
            ],
            "endColor": [
                [
                    1.0,
                    1.0,
                    1.0,
                    0.0
                ],
                [
                    1.0,
                    1.0,
                    1.0,
                    0.0
                ]
            ],
            "endSize": [
                [
                    1.0,
                    1.0
                ],
                [
                    1.0,
                    1.0
                ]
            ],
            "height": 1.0,
            "initialDelay": [
                0.0,
                0.0
            ],
            "lifeTime": [
                1.2000000476837158,
                1.2000000476837158
            ],
            "maxParticles": 1000,
            "name": "Emitter0",
            "positionOffset": [
                0.0,
                0.0,
                0.0
            ],
            "radius": 0.20000000298023224,
            "renderingMode": 0,
            "rotationEuler": [
                [
                    0.0,
                    0.0,
                    0.0
                ],
                [
                    0.0,
                    0.0,
                    0.0
                ]
            ],
            "shapeType": 0,
            "speed": [
                0.5,
                0.5
            ],
            "startColor": [
                [
                    1.0,
                    1.0,
                    1.0,
                    1.0
                ],
                [
                    1.0,
                    1.0,
                    1.0,
                    1.0
                ]
            ],
            "startSize": [
                [
                    1.0,
                    1.0
                ],
                [
                    1.0,
                    1.0
                ]
            ],
            "texturePath": ".\\Data\\Effect\\DarkStageParticleTex\\T_Smoke_SubUV.PNG",
            "textureSplitCount": [
                8,
                8
            ],
            "useGravity": false,
            "velocity": [
                [
                    0.0,
                    0.0,
                    0.0
                ],
                [
                    0.0,
                    0.0,
                    0.0
                ]
            ]
        }
    ],
    "name": "PotSteamEffect"
}