{
    "emitterDataList": [
        {
            "acceleration": [
                [
                    0.5,
                    1.0,
                    0.20000000298023224
                ],
                [
                    0.6000000238418579,
                    1.399999976158142,
                    0.8999999761581421
                ]
            ],
            "blendState": 2,
            "directionAxis": [
                0.0,
                1.0,
                0.0
            ],
            "directionMode": 0,
            "emitCount": [
                100,
                106
            ],
            "emitInterval": [
                0.10000000149011612,
                0.10000000149011612
            ],
            "endColor": [
                [
                    0.8980392217636108,
                    0.7568627595901489,
                    1.0,
                    0.46666666865348816
                ],
                [
                    0.9921568632125854,
                    0.7607843279838562,
                    0.7607843279838562,
                    0.4627451002597809
                ]
            ],
            "endSize": [
                [
                    0.10000000149011612,
                    0.10000000149011612
                ],
                [
                    0.10000000149011612,
                    0.0
                ]
            ],
            "height": 1.0,
            "initialDelay": [
                0.20000000298023224,
                0.20000000298023224
            ],
            "lifeTime": [
                1.0,
                1.0
            ],
            "maxParticles": 1000,
            "name": "Emitter0",
            "positionOffset": [
                0.0,
                3.9000000953674316,
                0.0
            ],
            "radius": 1.600000023841858,
            "renderingMode": 0,
            "rotationEuler": [
                [
                    5.0,
                    0.0,
                    0.0
                ],
                [
                    9.0,
                    0.0,
                    0.0
                ]
            ],
            "shapeType": 2,
            "speed": [
                1.0,
                1.0
            ],
            "startColor": [
                [
                    0.13953489065170288,
                    0.11798209697008133,
                    0.0071389926597476006,
                    1.0
                ],
                [
                    0.02325582504272461,
                    0.0,
                    0.0,
                    1.0
                ]
            ],
            "startSize": [
                [
                    1.2000000476837158,
                    1.2000000476837158
                ],
                [
                    1.600000023841858,
                    1.600000023841858
                ]
            ],
            "texturePath": ".\\Data\\Effect\\Particles\\Fog2001.png",
            "textureSplitCount": [
                1,
                1
            ],
            "useGravity": false,
            "velocity": [
                [
                    0.0,
                    1.7000000476837158,
                    0.0
                ],
                [
                    0.0,
                    0.0,
                    0.0
                ]
            ]
        }
    ],
    "name": "Steam"
}