{
    "keys": [
        {
            "duration": 2.0,
            "ease": "EaseInOut",
            "fov": 0.44887903332710266,
            "name": "titl",
            "pos": [
                9.084234237670898,
                5.025886535644531,
                7.960785865783691
            ],
            "rot": [
                -0.04237170144915581,
                0.8917825818061829,
                -0.08543133735656738,
                -0.44230079650878906
            ]
        },
        {
            "duration": 2.0,
            "ease": "EaseInOut",
            "fov": 0.44887903332710266,
            "name": "select",
            "pos": [
                -0.22559426724910736,
                10.107905387878418,
                8.368048667907715
            ],
            "rot": [
                -0.00038865249371156096,
                0.9067295789718628,
                -0.42171159386634827,
                -0.000835648737847805
            ]
        }
    ]
}